# RECONSTRUCTED HX RAW-LIKE CSV; not an original logger export.
# Source: analysis/docs/HX_performance_analysis.ipynb cells 9, 11, 12, 14, 16, 17, 21
time_s,temp0_C,temp1_C,temp2_C,temp3_C,temp4_C,temp5_C,temp6_C,temp7_C,THM_C,THI_C,valve,mode
2906.500000,,-0.830719,-64.921606,-0.710719,-2.028749,,,,,,0,A
2907.504950,,-0.822803,-64.921606,-0.702803,-2.007542,,,,,,0,A
2908.509900,,-0.823294,-64.921606,-0.703294,-1.921606,,,,,,0,A
2909.514850,,-0.828229,-64.921606,-0.708229,-1.921606,,,,,,0,A
2910.519800,,-0.866773,-64.921606,-0.746773,-1.921606,,,,,,0,A
2911.524750,,-0.882841,-64.921606,-0.762841,-1.921606,,,,,,0,A
2912.529699,,-0.910868,-64.921606,-0.790868,-1.921606,,,,,,0,A
2913.534649,,-0.941237,-64.921606,-0.821237,-1.921606,,,,,,0,A
2914.539599,,-0.938423,-64.921606,-0.818423,-1.921606,,,,,,0,A
2915.544549,,-0.945827,-64.921606,-0.825827,-1.942303,,,,,,0,A
2916.549499,,-0.947477,-64.936087,-0.827477,-2.014268,,,,,,0,A
2917.554449,,-0.864985,-65.123460,-0.744985,-1.826895,,,,,,0,A
2918.559399,,-0.833219,-65.135892,-0.713219,-1.639523,,,,,,0,A
2919.564349,,-0.858506,-65.135892,-0.738506,-1.526164,,,,,,0,A
2920.569299,,-0.899347,-65.257006,-0.779347,-1.493035,,,,,,0,A
2921.574249,,-0.935224,-65.350178,-0.815224,-1.540135,,,,,,0,A
2922.579198,,-0.935834,-65.417465,-0.815834,-1.667465,,,,,,0,A
2923.584148,,-0.911662,-65.604838,-0.791662,-1.814463,,,,,,0,A
2924.589098,,-0.902267,-65.792210,-0.782267,-1.814463,,,,,,0,A
2925.594048,,-0.909391,-65.979583,-0.789391,-1.814463,,,,,,0,A
2926.598998,,-1.023776,-66.166955,-0.903776,-1.814463,,,,,,0,A
2927.603948,,-1.093584,-66.354328,-0.973584,-1.814463,,,,,,0,A
2928.608898,,-1.190975,-66.661794,-1.070975,-1.934557,,,,,,0,A
2929.613848,,-1.082523,-67.036539,-0.962523,-2.028749,,,,,,0,A
2930.618798,,-1.139203,-67.411284,-1.019203,-2.095016,,,,,,0,A
2931.623748,,-1.171464,-67.786029,-1.051464,-2.223358,,,,,,0,A
2932.628698,,-1.206750,-68.160774,-1.086750,-2.135892,,,,,,0,A
2933.633647,,-1.239078,-68.535519,-1.119078,-2.135892,,,,,,0,A
2934.638597,,-1.273586,-68.910264,-1.153586,-2.049442,,,,,,0,A
2935.643547,,-1.316128,-69.139022,-1.196128,-2.101743,,,,,,0,A
2936.648497,,-1.358455,-69.207320,-1.238455,-2.076355,,,,,,0,A
2937.653447,,-1.403184,-69.207320,-1.283184,-2.028749,,,,,,0,A
2938.658397,,-1.448320,-69.076826,-1.328320,-2.061373,,,,,,0,A
2939.663347,,-1.487807,-68.740415,-1.367807,-2.135892,,,,,,1,A
2940.668297,,-1.531275,-68.530201,-1.411275,-2.141602,,,,,,1,A
2941.673247,,-1.570946,-67.968083,-1.450946,-2.235289,,,,,,1,A
2942.678197,,-1.566188,-67.749726,-1.446188,-2.243035,,,,,,1,A
2943.683146,,-1.535533,-67.272420,-1.415533,-2.243035,,,,,,1,A
2944.688096,,-1.540802,-66.828356,-1.420802,-2.243035,,,,,,1,A
2945.693046,,-1.547235,-66.544751,-1.427235,-2.243035,,,,,,1,A
2946.697996,,-1.528839,-66.228924,-1.408839,-2.243035,,,,,,1,A
2947.702946,,-1.543697,-65.741435,-1.423697,-2.224378,,,,,,1,A
2948.707896,,-1.606589,-65.564463,-1.486589,-2.135892,,,,,,1,A
2949.712846,,-1.623281,-65.564463,-1.503281,-2.135892,,,,,,1,A
2950.717796,,-1.622531,-65.564463,-1.502531,-2.135892,,,,,,1,A
2951.722746,,-1.574164,-65.564463,-1.454164,-2.135892,,,,,,1,A
2952.727696,,-1.588256,-65.681497,-1.468256,-2.135892,,,,,,1,A
2953.732646,,-1.619175,-65.778749,-1.499175,-2.090832,,,,,,1,A
2954.737595,,-1.647571,-65.841956,-1.527571,-2.060353,,,,,,1,A
2955.742545,,-1.621688,-66.029329,-1.501688,-2.154039,,,,,,1,A
2956.747495,,-1.604989,-66.216701,-1.484989,-2.243035,,,,,,1,A
2957.752445,,-1.591525,-66.404074,-1.471525,-2.243035,,,,,,1,A
2958.757395,,-1.573823,-66.591446,-1.453823,-2.327955,,,,,,1,A
2959.762345,,-1.571681,-66.635892,-1.451681,-2.421641,,,,,,1,A
2960.767295,,-1.600369,-66.751905,-1.480369,-2.457320,,,,,,1,A
2961.772245,,-1.645548,-67.117478,-1.525548,-2.501871,,,,,,1,A
2962.777195,,-1.668604,-67.617409,-1.548604,-2.595557,,,,,,1,A
2963.782145,,-1.675876,-68.097975,-1.555876,-2.671606,,,,,,1,A
2964.787095,,-1.680991,-69.026477,-1.560991,-2.671606,,,,,,1,A
2965.792044,,-1.672255,-69.775967,-1.552255,-2.671606,,,,,,1,A
2966.796994,,-1.664605,-70.694277,-1.544605,-2.756016,,,,,,0,A
2967.801944,,-1.698672,-71.347326,-1.578672,-2.778749,,,,,,0,A
2968.806894,,-1.765276,-71.449470,-1.645276,-2.836246,,,,,,0,A
2969.811844,,-1.814310,-71.350178,-1.694310,-2.885892,,,,,,0,A
2970.816794,,-1.869344,-71.166677,-1.749344,-2.947059,,,,,,0,A
2971.821744,,-1.870067,-70.604559,-1.750067,-3.100178,,,,,,0,A
2972.826694,,-1.858572,-70.049782,-1.738572,-3.100178,,,,,,0,A
2973.831644,,-1.843332,-69.675037,-1.723332,-3.100178,,,,,,0,A
2974.836594,,-1.923322,-69.300292,-1.803322,-3.100178,,,,,,0,A
2975.841543,,-1.947256,-68.784661,-1.827256,-3.170621,,,,,,0,A
2976.846493,,-1.992403,-68.336517,-1.872403,-3.207320,,,,,,1,A
2977.851443,,-2.000550,-67.961772,-1.880550,-3.163790,,,,,,1,A
2978.856393,,-2.016824,-67.587027,-1.896824,-3.100178,,,,,,1,A
2979.861343,,-2.027146,-67.079347,-1.907146,-3.116794,,,,,,1,A
2980.866293,,-2.018430,-66.005676,-1.898430,-3.204160,,,,,,1,A
2981.871243,,-2.028405,-66.380421,-1.908405,-3.110474,,,,,,1,A
2982.876193,,-2.029617,-65.921267,-1.909617,-3.100178,,,,,,1,A
2983.881143,,-2.001667,-65.499016,-1.881667,-3.030244,,,,,,1,A
2984.886093,,-1.990096,-65.124271,-1.870096,-2.936558,,,,,,1,A
2985.891043,,-1.984384,-64.835566,-1.864384,-2.885892,,,,,,1,A
2986.895992,,-1.987146,-64.707320,-1.867146,-2.915455,,,,,,1,A
2987.900942,,-2.077857,-64.707320,-1.957857,-3.009142,,,,,,1,A
2988.905892,,-2.110522,-64.707320,-1.990522,-3.102828,,,,,,1,A
2989.910842,,-2.129201,-64.707320,-2.009201,-3.196514,,,,,,1,A
2990.915792,,-2.111492,-64.873080,-1.991492,-3.290200,,,,,,1,A
2991.920742,,-2.105776,-65.060453,-1.985776,-3.314463,,,,,,1,A
2992.925692,,-2.120491,-65.247825,-2.000491,-3.314463,,,,,,1,A
2993.930642,,-2.104334,-65.350178,-1.984334,-3.314463,,,,,,0,A
2994.935592,,-2.117006,-65.408284,-1.997006,-3.314463,,,,,,0,A
2995.940542,,-2.167184,-65.595657,-2.047184,-3.314463,,,,,,0,A
2996.945491,,-2.198859,-65.783029,-2.078859,-3.314463,,,,,,0,A
2997.950441,,-2.224080,-65.970402,-2.104080,-3.314463,,,,,,0,A
2998.955391,,-2.228318,-66.157774,-2.108318,-3.232094,,,,,,0,A
2999.960341,,-2.224664,-66.299205,-2.104664,-3.207320,,,,,,0,A
3000.965291,,-2.267229,-66.424120,-2.147229,-3.207320,,,,,,0,A
3001.970241,,-2.319813,-66.549035,-2.199813,-3.207320,,,,,,0,A
3002.975191,,-2.366516,-66.692978,-2.246516,-3.207320,,,,,,0,A
3003.980141,,-2.429953,-66.880351,-2.309953,-3.192234,,,,,,0,A
3004.985091,,-2.466744,-67.074244,-2.346744,-3.100178,,,,,,0,A
3005.990041,,-2.497719,-67.636361,-2.377719,-3.100178,,,,,,0,A
3006.994991,,-2.512224,-68.198479,-2.392224,-3.100178,,,,,,0,A
3007.999940,,-2.535222,-68.897402,-2.415222,-3.100178,,,,,,0,A
3009.004890,,-2.532224,-69.427106,-2.412224,-3.100178,,,,,,0,A
3010.009840,,-2.541192,-69.884831,-2.421192,-3.100178,,,,,,0,A
3011.014790,,-2.541165,-70.222683,-2.421165,-3.128211,,,,,,1,A
3012.019740,,-2.573628,-70.064463,-2.453628,-3.192744,,,,,,1,A
3013.024690,,-2.574025,-70.059983,-2.454025,-3.100178,,,,,,1,A
3014.029640,,-2.544472,-69.685238,-2.424472,-3.100178,,,,,,1,A
3015.034590,,-2.544352,-69.310493,-2.424352,-3.181527,,,,,,1,A
3016.039540,,-2.549540,-68.935748,-2.429540,-3.275213,,,,,,1,A
3017.044490,,-2.560305,-68.561003,-2.440305,-3.314463,,,,,,1,A
3018.049439,,-2.600896,-68.104299,-2.480896,-3.396423,,,,,,1,A
3019.054389,,-2.636340,-67.597228,-2.516340,-3.556272,,,,,,1,A
3020.059339,,-2.607187,-67.222483,-2.487187,-3.649958,,,,,,1,A
3021.064289,,-2.623676,-66.847738,-2.503676,-3.742425,,,,,,1,A
3022.069239,,-2.588862,-66.472993,-2.468862,-3.648739,,,,,,1,A
3023.074189,,-2.593423,-66.098248,-2.473423,-3.716731,,,,,,1,A
3024.079139,,-2.579698,-65.723503,-2.459698,-3.743035,,,,,,1,A
3025.084089,,-2.583644,-65.348758,-2.463644,-3.743035,,,,,,1,A
3026.089039,,-2.608860,-64.974013,-2.488860,-3.743035,,,,,,1,A
3027.093989,,-2.625682,-64.653294,-2.505682,-3.689009,,,,,,1,A
3028.098939,,-2.649387,-64.493035,-2.529387,-3.528749,,,,,,1,A
3029.103888,,-2.716696,-64.493235,-2.596696,-3.528749,,,,,,1,A
3030.108838,,-2.758529,-64.680607,-2.638529,-3.528749,,,,,,1,A
3031.113788,,-2.791500,-64.867980,-2.671500,-3.689408,,,,,,1,A
3032.118738,,-2.820945,-65.590335,-2.700945,-3.809908,,,,,,1,A
3033.123688,,-2.773662,-66.420365,-2.653662,-3.903594,,,,,,0,A
3034.128638,,-2.761274,-67.249774,-2.641274,-3.957320,,,,,,0,A
3035.133588,,-2.786650,-68.027618,-2.666650,-3.957320,,,,,,0,A
3036.138538,,-2.839622,-68.324085,-2.719622,-3.957320,,,,,,0,A
3037.143488,,-2.879874,-68.136712,-2.759874,-3.957320,,,,,,0,A
3038.148438,,-2.889837,-68.135892,-2.769837,-4.143873,,,,,,0,A
3039.153387,,-2.924132,-67.816614,-2.804132,-4.171606,,,,,,0,A
3040.158337,,-2.950982,-67.441869,-2.830982,-4.038880,,,,,,0,A
3041.163287,,-2.972116,-67.067124,-2.852116,-3.957320,,,,,,0,A
3042.168237,,-2.976877,-66.692379,-2.856877,-3.917871,,,,,,0,A
3043.173187,,-2.984127,-66.317634,-2.864127,-3.824185,,,,,,0,A
3044.178137,,-3.000388,-65.942889,-2.880388,-3.743035,,,,,,0,A
3045.183087,,-3.043034,-65.568144,-2.923034,-3.743035,,,,,,0,A
3046.188037,,-3.042453,-65.193399,-2.922453,-3.835801,,,,,,0,A
3047.192987,,-3.018910,-64.818654,-2.898910,-3.850178,,,,,,0,A
3048.197937,,-3.007551,-64.575615,-2.887551,-3.850178,,,,,,0,A
3049.202887,,-2.969142,-64.388242,-2.849142,-3.797781,,,,,,0,A
3050.207836,,-2.956892,-64.278749,-2.836892,-3.781974,,,,,,1,A
3051.212786,,-2.957870,-64.278749,-2.837870,-3.875661,,,,,,1,A
3052.217736,,-2.968002,-64.278749,-2.848002,-3.957320,,,,,,1,A
3053.222686,,-2.968552,-64.278749,-2.848552,-3.957320,,,,,,1,A
3054.227636,,-2.982343,-64.278749,-2.862343,-3.957320,,,,,,1,A
3055.232586,,-2.985560,-64.436348,-2.865560,-3.957320,,,,,,1,A
3056.237536,,-3.003154,-64.493035,-2.883154,-3.957320,,,,,,1,A
3057.242486,,-3.005587,-64.493035,-2.885587,-3.905434,,,,,,1,A
3058.247436,,-3.019629,-64.569894,-2.899629,-3.888607,,,,,,0,A
3059.252386,,-3.061498,-64.757266,-2.941498,-3.957320,,,,,,0,A
3060.257336,,-3.093688,-64.921606,-2.973688,-3.980353,,,,,,0,A
3061.262285,,-3.122044,-64.921606,-3.002044,-4.167726,,,,,,0,A
3062.267235,,-3.170221,-65.105098,-3.050221,-4.079860,,,,,,0,A
3063.272185,,-3.163858,-65.135892,-3.043858,-4.064463,,,,,,0,A
3064.277135,,-3.193361,-65.265557,-3.073361,-3.999631,,,,,,0,A
3065.282085,,-3.227246,-65.452930,-3.107246,-3.957320,,,,,,0,A
3066.287035,,-3.236721,-65.640302,-3.116721,-3.957320,,,,,,0,A
3067.291985,,-3.290431,-65.827675,-3.170431,-3.932858,,,,,,1,A
3068.296935,,-3.312098,-66.015047,-3.192098,-3.850178,,,,,,1,A
3069.301885,,-3.331724,-66.202420,-3.211724,-3.850178,,,,,,1,A
3070.306835,,-3.357229,-67.119679,-3.237229,-3.758942,,,,,,1,A
3071.311784,,-3.366717,-67.900983,-3.246717,-3.820814,,,,,,1,A
3072.316734,,-3.375593,-68.779119,-3.255593,-3.914500,,,,,,1,A
3073.321684,,-3.387117,-69.512517,-3.267117,-4.059053,,,,,,1,A
3074.326634,,-3.370659,-69.850178,-3.250659,-4.171606,,,,,,1,A
3075.331584,,-3.356813,-69.802272,-3.236813,-4.171606,,,,,,1,A
3076.336534,,-3.358191,-69.614899,-3.238191,-4.171606,,,,,,1,A
3077.341484,,-3.371135,-69.427527,-3.251135,-4.171606,,,,,,1,A
3078.346434,,-3.436864,-69.058703,-3.316864,-4.171606,,,,,,1,A
3079.351384,,-3.464655,-68.529419,-3.344655,-4.171606,,,,,,1,A
3080.356334,,-3.467109,-68.094927,-3.347109,-4.235419,,,,,,1,A
3081.361284,,-3.447203,-67.720182,-3.327203,-4.329105,,,,,,1,A
3082.366233,,-3.450024,-67.345437,-3.330024,-4.385892,,,,,,1,A
3083.371183,,-3.450971,-66.970692,-3.330971,-4.385892,,,,,,1,A
3084.376133,,-3.443701,-66.575975,-3.323701,-4.385892,,,,,,1,A
3085.381083,,-3.435014,-66.013857,-3.315014,-4.385892,,,,,,1,A
3086.386033,,-3.433721,-65.632172,-3.313721,-4.476108,,,,,,1,A
3087.390983,,-3.445724,-65.410945,-3.325724,-4.646553,,,,,,1,A
3088.395933,,-3.454820,-64.970362,-3.334820,-4.897228,,,,,,1,A
3089.400883,,-3.458967,-64.607629,-3.338967,-5.028749,,,,,,1,A
3090.405833,,-3.434511,-64.347477,-3.314511,-5.028749,,,,,,1,A
3091.410783,,-3.446287,-63.972732,-3.326287,-4.982884,,,,,,0,A
3092.415732,,-3.483622,-63.616940,-3.363622,-4.795511,,,,,,0,A
3093.420682,,-3.510459,-63.429567,-3.390459,-4.608139,,,,,,0,A
3094.425632,,-3.604049,-63.062783,-3.484049,-4.510472,,,,,,0,A
3095.430582,,-3.648738,-62.993035,-3.528738,-4.493035,,,,,,0,A
3096.435532,,-3.673174,-62.993035,-3.553174,-4.493035,,,,,,0,A
3097.440482,,-3.700107,-63.091707,-3.580107,-4.443699,,,,,,0,A
3098.445432,,-3.728978,-63.207320,-3.608978,-4.385892,,,,,,0,A
3099.450382,,-3.756142,-63.252166,-3.636142,-4.363469,,,,,,0,A
3100.455332,,-3.786794,-63.439538,-3.666794,-4.278749,,,,,,0,A
3101.460282,,-3.808399,-63.626911,-3.688399,-4.278749,,,,,,0,A
3102.465232,,-3.852049,-63.814283,-3.732049,-4.278749,,,,,,0,A
3103.470181,,-3.881973,-63.850178,-3.761973,-4.278749,,,,,,0,A
3104.475131,,-3.878031,-63.974743,-3.758031,-4.341032,,,,,,0,A
3105.480081,,-3.849239,-64.162115,-3.729239,-4.385892,,,,,,0,A
3106.485031,,-3.857960,-64.349488,-3.737960,-4.385892,,,,,,0,A
3107.489981,,-3.855753,-64.536860,-3.735753,-4.407805,,,,,,0,A
3108.494931,,-3.887917,-64.724233,-3.767917,-4.493035,,,,,,0,A
3109.499881,,-3.893984,-64.911605,-3.773984,-4.493035,,,,,,1,A
3110.504831,,-3.899785,-64.921606,-3.779785,-4.493035,,,,,,1,A
3111.509781,,-3.924877,-65.072064,-3.804877,-4.417806,,,,,,1,A
3112.514731,,-3.910713,-65.259437,-3.790713,-4.385892,,,,,,1,A
3113.519680,,-3.904683,-65.446809,-3.784683,-4.482524,,,,,,1,A
3114.524630,,-3.900907,-65.634182,-3.780907,-4.635037,,,,,,1,A
3115.529580,,-3.885097,-65.821554,-3.765097,-4.728723,,,,,,1,A
3116.534530,,-3.885768,-66.024819,-3.765768,-4.814463,,,,,,1,A
3117.539480,,-3.890104,-66.399564,-3.770104,-4.814463,,,,,,1,A
3118.544430,,-3.905733,-66.950660,-3.785733,-4.814463,,,,,,1,A
3119.549380,,-3.942995,-67.811653,-3.822995,-4.889182,,,,,,1,A
3120.554330,,-3.983504,-68.503466,-3.863504,-4.921606,,,,,,1,A
3121.559280,,-3.994627,-68.778749,-3.874627,-4.921606,,,,,,1,A
3122.564230,,-4.001049,-68.778749,-3.881049,-4.921606,,,,,,1,A
3123.569180,,-3.972763,-68.695179,-3.852763,-4.921606,,,,,,1,A
3124.574129,,-3.976025,-68.320434,-3.856025,-4.929042,,,,,,1,A
3125.579079,,-4.002891,-67.945689,-3.882891,-5.022728,,,,,,1,A
3126.584029,,-4.027767,-67.395613,-3.907767,-5.028749,,,,,,1,A
3127.588979,,-4.044614,-66.981913,-3.924614,-5.177167,,,,,,1,A
3128.593929,,-4.067479,-66.607168,-3.947479,-5.243035,,,,,,1,A
3129.598879,,-4.104261,-66.327015,-3.984261,-5.243035,,,,,,1,A
3130.603829,,-4.135891,-66.071964,-4.015891,-5.243035,,,,,,1,A
3131.608779,,-4.170163,-65.697219,-4.050163,-5.202270,,,,,,1,A
3132.613729,,-4.182405,-65.322474,-4.062405,-5.028749,,,,,,1,A
3133.618679,,-4.182807,-64.947729,-4.062807,-5.028749,,,,,,1,A
3134.623628,,-4.207992,-64.572984,-4.087992,-4.854438,,,,,,0,A
3135.628578,,-4.264606,-64.050841,-4.144606,-4.814463,,,,,,0,A
3136.633528,,-4.274346,-63.729693,-4.154346,-4.693979,,,,,,0,A
3137.638478,,-4.272230,-63.542321,-4.152230,-4.693749,,,,,,0,A
3138.643428,,-4.277169,-63.421606,-4.157169,-4.814463,,,,,,0,A
3139.648378,,-4.244404,-63.421606,-4.124404,-4.854208,,,,,,0,A
3140.653328,,-4.235612,-63.447269,-4.115612,-5.028749,,,,,,0,A
3141.658278,,-4.217060,-63.822014,-4.097060,-5.028749,,,,,,0,A
3142.663228,,-4.201369,-64.023469,-4.081369,-5.028749,,,,,,0,A
3143.668178,,-4.196994,-64.210841,-4.076994,-5.028749,,,,,,0,A
3144.673128,,-4.206230,-64.398213,-4.086230,-5.028749,,,,,,0,A
3145.678077,,-4.218202,-64.585586,-4.098202,-5.028749,,,,,,0,A
3146.683027,,-4.196516,-64.707320,-4.076516,-5.028749,,,,,,0,A
3147.687977,,-4.150249,-64.784770,-4.030249,-5.067474,,,,,,0,A
3148.692927,,-4.132984,-65.135892,-4.012984,-5.254846,,,,,,0,A
3149.697877,,-4.143428,-65.135892,-4.023428,-5.442219,,,,,,1,A
3150.702827,,-4.182836,-65.308163,-4.062836,-5.457320,,,,,,1,A
3151.707777,,-4.218884,-65.495535,-4.098884,-5.457320,,,,,,1,A
3152.712727,,-4.242783,-65.682908,-4.122783,-5.457320,,,,,,1,A
3153.717677,,-4.247066,-65.778749,-4.127066,-5.503086,,,,,,1,A
3154.722627,,-4.268334,-65.778749,-4.148334,-5.564463,,,,,,1,A
3155.727577,,-4.277265,-65.778749,-4.157265,-5.545611,,,,,,1,A
3156.732526,,-4.312303,-65.767958,-4.192303,-5.457320,,,,,,1,A
3157.737476,,-4.355008,-65.580585,-4.235008,-5.457320,,,,,,1,A
3158.742426,,-4.393742,-65.221962,-4.273742,-5.457320,,,,,,1,A
3159.747376,,-4.415216,-64.847217,-4.295216,-5.312983,,,,,,1,A
3160.752326,,-4.456232,-64.589896,-4.336232,-5.243035,,,,,,1,A
3161.757276,,-4.492947,-64.312013,-4.372947,-5.243035,,,,,,1,A
3162.762226,,-4.527581,-63.937268,-4.407581,-5.243035,,,,,,1,A
3163.767176,,-4.549083,-63.562523,-4.429083,-5.243035,,,,,,1,A
3164.772126,,-4.549359,-63.207320,-4.429359,-5.247920,,,,,,1,A
3165.777076,,-4.531273,-63.207320,-4.411273,-5.341607,,,,,,1,A
3166.782025,,-4.522878,-63.207320,-4.402878,-5.350178,,,,,,0,A
3167.786975,,-4.521575,-63.350638,-4.401575,-5.278519,,,,,,0,A
3168.791925,,-4.564262,-63.538010,-4.444262,-5.243035,,,,,,0,A
3169.796875,,-4.597983,-63.904365,-4.477983,-5.243035,,,,,,0,A
3170.801825,,-4.610711,-64.341327,-4.490711,-5.243035,,,,,,0,A
3171.806775,,-4.603970,-64.528699,-4.483970,-5.243035,,,,,,0,A
3172.811725,,-4.611885,-64.716072,-4.491885,-5.243035,,,,,,0,A
3173.816675,,-4.614540,-64.903444,-4.494540,-5.243035,,,,,,1,A
3174.821625,,-4.595689,-65.260027,-4.475689,-5.243035,,,,,,1,A
3175.826575,,-4.599923,-65.492475,-4.479923,-5.385332,,,,,,1,A
3176.831525,,-4.602563,-65.564463,-4.482563,-5.457320,,,,,,1,A
3177.836474,,-4.602286,-65.652934,-4.482286,-5.413085,,,,,,1,A
3178.841424,,-4.612441,-65.778749,-4.492441,-5.380956,,,,,,1,A
3179.846374,,-4.602736,-65.778749,-4.482736,-5.457320,,,,,,1,A
3180.851324,,-4.550434,-65.771018,-4.430434,-5.457320,,,,,,1,A
3181.856274,,-4.556272,-65.583645,-4.436272,-5.457320,,,,,,1,A
3182.861224,,-4.583003,-65.228083,-4.463003,-5.457320,,,,,,1,A
3183.866174,,-4.597360,-64.994615,-4.477360,-5.457320,,,,,,1,A
3184.871124,,-4.627166,-64.578514,-4.507166,-5.514502,,,,,,1,A
3185.876074,,-4.665773,-64.191298,-4.545773,-5.608189,,,,,,1,A
3186.881024,,-4.709011,-63.943388,-4.589011,-5.611069,,,,,,1,A
3187.885973,,-4.743043,-63.568643,-4.623043,-5.457320,,,,,,1,A
3188.890923,,-4.753088,-63.200609,-4.633088,-5.457320,,,,,,0,A
3189.895873,,-4.742263,-63.013237,-4.622263,-5.457320,,,,,,0,A
3190.900823,,-4.758751,-62.825864,-4.638751,-5.540906,,,,,,0,A
3191.905773,,-4.785629,-62.778749,-4.665629,-5.564463,,,,,,0,A
3192.910723,,-4.851576,-62.778749,-4.731576,-5.507791,,,,,,0,A
3193.915673,,-4.887743,-62.865180,-4.767743,-5.500536,,,,,,0,A
3194.920623,,-4.908773,-63.052552,-4.788773,-5.564463,,,,,,0,A
3195.925573,,-4.904448,-63.239925,-4.784448,-5.564463,,,,,,0,A
3196.930523,,-4.884448,-63.427297,-4.764448,-5.564463,,,,,,1,A
3197.935473,,-4.900623,-63.614670,-4.780623,-5.564463,,,,,,1,A
3198.940422,,-4.934342,-63.802042,-4.814342,-5.564463,,,,,,1,A
3199.945372,,-4.952309,-63.989415,-4.832309,-5.564463,,,,,,1,A
3200.950322,,-4.983771,-64.176787,-4.863771,-5.564463,,,,,,1,A
3201.955272,,-4.990741,-64.364160,-4.870741,-5.564463,,,,,,1,A
3202.960222,,-4.989983,-64.551532,-4.869983,-5.593712,,,,,,1,A
3203.965172,,-4.982363,-64.738905,-4.862363,-5.671606,,,,,,1,A
3204.970122,,-4.968197,-64.930948,-4.848197,-5.669271,,,,,,1,A
3205.975072,,-4.945026,-65.305693,-4.825026,-5.575585,,,,,,1,A
3206.980022,,-4.927067,-65.350178,-4.807067,-5.647028,,,,,,1,A
3207.984972,,-4.931320,-65.488394,-4.811320,-5.671606,,,,,,1,A
3208.989921,,-4.944921,-65.675767,-4.824921,-5.671606,,,,,,1,A
3209.994871,,-4.986248,-65.863139,-4.866248,-5.671606,,,,,,1,A
3210.999821,,-5.007900,-66.050512,-4.887900,-5.671606,,,,,,1,A
3212.004771,,-5.029710,-66.207320,-4.909710,-5.671606,,,,,,1,A
3213.009721,,-5.022699,-66.203670,-4.902699,-5.673432,,,,,,1,A
3214.014671,,-4.989452,-66.016297,-4.869452,-5.767118,,,,,,1,A
3215.019621,,-4.977236,-65.664815,-4.857236,-5.860804,,,,,,1,A
3216.024571,,-4.979835,-65.290070,-4.859835,-5.954490,,,,,,1,A
3217.029521,,-5.007169,-65.025608,-4.887169,-6.048177,,,,,,0,A
3218.034471,,-5.009491,-64.671495,-4.889491,-6.100178,,,,,,0,A
3219.039421,,-5.022417,-64.222292,-4.902417,-6.100178,,,,,,0,A
3220.044370,,-5.068124,-64.005376,-4.948124,-6.100178,,,,,,0,A
3221.049320,,-5.078782,-63.630631,-4.958782,-6.100178,,,,,,0,A
3222.054270,,-5.103770,-63.255886,-4.983770,-6.100178,,,,,,0,A
3223.059220,,-5.126742,-63.044231,-5.006742,-6.100178,,,,,,0,A
3224.064170,,-5.148061,-62.720681,-5.028061,-6.100178,,,,,,0,A
3225.069120,,-5.172178,-62.564463,-5.052178,-6.209441,,,,,,0,A
3226.074070,,-5.225996,-62.564463,-5.105996,-6.314463,,,,,,0,A
3227.079020,,-5.263025,-62.619900,-5.143025,-6.314463,,,,,,0,A
3228.083970,,-5.311423,-62.892844,-5.191423,-6.314463,,,,,,0,A
3229.088920,,-5.327515,-63.642334,-5.207515,-6.312853,,,,,,0,A
3230.093869,,-5.318222,-64.391824,-5.198222,-6.125480,,,,,,1,A
3231.098819,,-5.322753,-65.303384,-5.202753,-6.100178,,,,,,1,A
3232.103769,,-5.313949,-65.969933,-5.193949,-6.032599,,,,,,1,A
3233.108719,,-5.292422,-66.423807,-5.172422,-5.993035,,,,,,1,A
3234.113669,,-5.296989,-66.635892,-5.176989,-6.033700,,,,,,1,A
3235.118619,,-5.304215,-66.581475,-5.184215,-6.100178,,,,,,1,A
3236.123569,,-5.301064,-66.394103,-5.181064,-6.086426,,,,,,1,A
3237.128519,,-5.325222,-66.206140,-5.205222,-5.993035,,,,,,1,A
3238.133469,,-5.291225,-65.831395,-5.171225,-5.993035,,,,,,0,A
3239.138419,,-5.279687,-65.456650,-5.159687,-5.993035,,,,,,0,A
3240.143369,,-5.270470,-65.081905,-5.150470,-5.993035,,,,,,0,A
3241.148318,,-5.269921,-64.707160,-5.149921,-6.046646,,,,,,0,A
3242.153268,,-5.299865,-64.332415,-5.179865,-6.100178,,,,,,0,A
3243.158218,,-5.310218,-64.011067,-5.190218,-6.100178,,,,,,0,A
3244.163168,,-5.294046,-63.797211,-5.174046,-6.113419,,,,,,0,A
3245.168118,,-5.306499,-63.422466,-5.186499,-6.207106,,,,,,0,A
3246.173068,,-5.290555,-63.047721,-5.170555,-6.207320,,,,,,0,A
3247.178018,,-5.294297,-62.672976,-5.174297,-6.207320,,,,,,0,A
3248.182968,,-5.305750,-62.431347,-5.185750,-6.207320,,,,,,0,A
3249.187918,,-5.315415,-62.137771,-5.195415,-6.207320,,,,,,0,A
3250.192868,,-5.338607,-61.842316,-5.218607,-6.207320,,,,,,0,A
3251.197818,,-5.377807,-61.707320,-5.257807,-6.207320,,,,,,1,A
3252.202767,,-5.412123,-61.707320,-5.292123,-6.207320,,,,,,1,A
3253.207717,,-5.437314,-61.707320,-5.317314,-6.207320,,,,,,1,A
3254.212667,,-5.465918,-61.707320,-5.345918,-6.207320,,,,,,1,A
3255.217617,,-5.449842,-61.866330,-5.329842,-6.207320,,,,,,1,A
3256.222567,,-5.462716,-62.053702,-5.342716,-6.273369,,,,,,1,A
3257.227517,,-5.492796,-62.135892,-5.372796,-6.314463,,,,,,1,A
3258.232467,,-5.519777,-62.214162,-5.399777,-6.314463,,,,,,1,A
3259.237417,,-5.571531,-62.401534,-5.451531,-6.314463,,,,,,1,A
3260.242367,,-5.617701,-62.564463,-5.497701,-6.314463,,,,,,1,A
3261.247317,,-5.648055,-62.564463,-5.528055,-6.314463,,,,,,1,A
3262.252266,,-5.646165,-62.749366,-5.526165,-6.314463,,,,,,1,A
3263.257216,,-5.672633,-62.778749,-5.552633,-6.393458,,,,,,1,A
3264.262166,,-5.676920,-62.909825,-5.556920,-6.421606,,,,,,1,A
3265.267116,,-5.670961,-63.097198,-5.550961,-6.473688,,,,,,1,A
3266.272066,,-5.659390,-63.284570,-5.539390,-6.528749,,,,,,1,A
3267.277016,,-5.666695,-63.471943,-5.546695,-6.528749,,,,,,1,A
3268.281966,,-5.675598,-63.635892,-5.555598,-6.528749,,,,,,1,A
3269.286916,,-5.678980,-63.635892,-5.558980,-6.528749,,,,,,1,A
3270.291866,,-5.687999,-63.819774,-5.567999,-6.528749,,,,,,1,A
3271.296816,,-5.642351,-64.007147,-5.522351,-6.528749,,,,,,1,A
3272.301766,,-5.610562,-64.194519,-5.490562,-6.463721,,,,,,1,A
3273.306715,,-5.568893,-64.278749,-5.448893,-6.370035,,,,,,1,A
3274.311665,,-5.565583,-64.354979,-5.445583,-6.352578,,,,,,1,A
3275.316615,,-5.587358,-64.542351,-5.467358,-6.421606,,,,,,1,A
3276.321565,,-5.603299,-64.729724,-5.483299,-6.432808,,,,,,1,A
3277.326515,,-5.619470,-64.917096,-5.499470,-6.526494,,,,,,1,A
3278.331465,,-5.677144,-65.287331,-5.557144,-6.528749,,,,,,1,A
3279.336415,,-5.682721,-65.662076,-5.562721,-6.372800,,,,,,0,A
3280.341365,,-5.685358,-65.778749,-5.565358,-6.378981,,,,,,0,A
3281.346315,,-5.697806,-65.676626,-5.577806,-6.421606,,,,,,0,A
3282.351265,,-5.716081,-65.414044,-5.596081,-6.421606,,,,,,0,A
3283.356214,,-5.758150,-65.039299,-5.638150,-6.421606,,,,,,0,A
3284.361164,,-5.782601,-64.685937,-5.662601,-6.421606,,,,,,0,A
3285.366114,,-5.798914,-64.498565,-5.678914,-6.421606,,,,,,0,A
3286.371064,,-5.813475,-64.129350,-5.693475,-6.512527,,,,,,0,A
3287.376014,,-5.814992,-63.754605,-5.694992,-6.528749,,,,,,0,A
3288.380964,,-5.821129,-63.379860,-5.701129,-6.592757,,,,,,0,A
3289.385914,,-5.852815,-63.106218,-5.732815,-6.585341,,,,,,0,A
3290.390864,,-5.907574,-62.844656,-5.787574,-6.528749,,,,,,0,A
3291.395814,,-5.938301,-62.517187,-5.818301,-6.552387,,,,,,1,A
3292.400764,,-5.940421,-62.309452,-5.820421,-6.635892,,,,,,1,A
3293.405714,,-5.947276,-61.934707,-5.827276,-6.635892,,,,,,1,A
3294.410663,,-5.956106,-61.921606,-5.836106,-6.726303,,,,,,1,A
3295.415613,,-5.963502,-61.921606,-5.843502,-6.896944,,,,,,1,A
3296.420563,,-5.949704,-61.921606,-5.829704,-6.957320,,,,,,1,A
3297.425513,,-5.919016,-62.021689,-5.799016,-7.057403,,,,,,1,A
3298.430463,,-5.909536,-62.282231,-5.789536,-7.171606,,,,,,1,A
3299.435413,,-5.898616,-62.610719,-5.778616,-7.171606,,,,,,1,A
3300.440363,,-5.907677,-62.798092,-5.787677,-7.171606,,,,,,1,A
3301.445313,,-5.904246,-62.985464,-5.784246,-7.171606,,,,,,1,A
3302.450263,,-5.901318,-63.172837,-5.781318,-7.171606,,,,,,1,A
3303.455213,,-5.897815,-63.360209,-5.777815,-7.171606,,,,,,1,A
3304.460162,,-5.846523,-63.547582,-5.726523,-7.171606,,,,,,1,A
3305.465112,,-5.820976,-63.834017,-5.700976,-7.122075,,,,,,1,A
3306.470062,,-5.814506,-64.064463,-5.694506,-7.064463,,,,,,0,A
3307.475012,,-5.813181,-64.064463,-5.693181,-7.064463,,,,,,0,A
3308.479962,,-5.786081,-64.064463,-5.666081,-7.064463,,,,,,0,A
3309.484912,,-5.776230,-64.064463,-5.656230,-7.064463,,,,,,0,A
3310.489862,,-5.788284,-63.885681,-5.668284,-6.975072,,,,,,0,A
3311.494812,,-5.820839,-63.546440,-5.700839,-6.957320,,,,,,0,A
3312.499762,,-5.805499,-63.296651,-5.685499,-6.957320,,,,,,0,A
3313.504712,,-5.792434,-63.011236,-5.672434,-6.957320,,,,,,0,A
3314.509662,,-5.781435,-62.636491,-5.661435,-6.957320,,,,,,1,A
3315.514611,,-5.761673,-62.305962,-5.641673,-6.957320,,,,,,1,A
3316.519561,,-5.783154,-62.101287,-5.663154,-6.957320,,,,,,1,A
3317.524511,,-5.811042,-61.726542,-5.691042,-6.957320,,,,,,1,A
3318.529461,,-5.885225,-61.529559,-5.765225,-6.957320,,,,,,1,A
3319.534411,,-5.912269,-61.342186,-5.792269,-6.957320,,,,,,1,A
3320.539361,,-5.941684,-61.278749,-5.821684,-6.957320,,,,,,1,A
3321.544311,,-5.949021,-61.375771,-5.829021,-6.957320,,,,,,1,A
3322.549261,,-5.943196,-61.563144,-5.823196,-6.957320,,,,,,1,A
3323.554211,,-5.902144,-61.750516,-5.782144,-6.957320,,,,,,1,A
3324.559161,,-5.899789,-61.937889,-5.779789,-6.957320,,,,,,1,A
3325.564111,,-5.933984,-62.125261,-5.813984,-6.957320,,,,,,1,A
3326.569060,,-5.934433,-62.135892,-5.814433,-6.957320,,,,,,1,A
3327.574010,,-5.934738,-62.285721,-5.814738,-6.957320,,,,,,1,A
3328.578960,,-5.908286,-62.596008,-5.788286,-6.957320,,,,,,1,A
3329.583910,,-5.900458,-62.874751,-5.780458,-6.957320,,,,,,1,A
3330.588860,,-5.903070,-63.062124,-5.783070,-6.957320,,,,,,1,A
3331.593810,,-5.882930,-63.249496,-5.762930,-6.936233,,,,,,1,A
3332.598760,,-5.884849,-63.436869,-5.764849,-6.857809,,,,,,1,A
3333.603710,,-5.891385,-63.624241,-5.771385,-6.951495,,,,,,1,A
3334.608660,,-5.881372,-63.811614,-5.761372,-6.957320,,,,,,1,A
3335.613610,,-5.928898,-63.998986,-5.808898,-6.957320,,,,,,0,A
3336.618559,,-5.913038,-64.186359,-5.793038,-6.896373,,,,,,0,A
3337.623509,,-5.915019,-64.373731,-5.795019,-6.897669,,,,,,0,A
3338.628459,,-5.909536,-64.561104,-5.789536,-6.957320,,,,,,0,A
3339.633409,,-5.897126,-64.789632,-5.777126,-6.977898,,,,,,0,A
3340.638359,,-5.889733,-65.135892,-5.769733,-7.071585,,,,,,0,A
3341.643309,,-5.887743,-65.135892,-5.767743,-7.165271,,,,,,0,A
3342.648259,,-5.914538,-65.135892,-5.794538,-7.258957,,,,,,0,A
3343.653209,,-5.929214,-64.988104,-5.809214,-7.352643,,,,,,0,A
3344.658159,,-5.940796,-64.679856,-5.820796,-7.385892,,,,,,0,A
3345.663109,,-5.937456,-64.399073,-5.817456,-7.479854,,,,,,0,A
3346.668059,,-5.946528,-64.144652,-5.826528,-7.533129,,,,,,1,A
3347.673008,,-5.956452,-63.769907,-5.836452,-7.345756,,,,,,1,A
3348.677958,,-5.967989,-63.395162,-5.847989,-7.158384,,,,,,1,A
3349.682908,,-6.012967,-63.020417,-5.892967,-6.971011,,,,,,1,A
3350.687858,,-6.044841,-62.819353,-5.924841,-6.783639,,,,,,1,A
3351.692808,,-6.058551,-62.485212,-5.938551,-6.669651,,,,,,1,A
3352.697758,,-6.084890,-62.110467,-5.964890,-6.575964,,,,,,1,A
3353.702708,,-6.125855,-61.921606,-6.005855,-6.482278,,,,,,1,A
3354.707658,,-6.142773,-61.921606,-6.022773,-6.355578,,,,,,1,A
3355.712608,,-6.152910,-61.999837,-6.032910,-6.226878,,,,,,0,A
3356.717558,,-6.144202,-62.398986,-6.024202,-6.320564,,,,,,0,A
3357.722507,,-6.167849,-63.148476,-6.047849,-6.414251,,,,,,0,A
3358.727457,,-6.188774,-63.897966,-6.068774,-6.507937,,,,,,0,A
3359.732407,,-6.227236,-64.647456,-6.107236,-6.601623,,,,,,0,A
3360.737357,,-6.264701,-65.159276,-6.144701,-6.695309,,,,,,0,A
3361.742307,,-6.280301,-65.442099,-6.160301,-6.743035,,,,,,0,A
3362.747257,,-6.289515,-65.564463,-6.169515,-6.808043,,,,,,0,A
3363.752207,,-6.336779,-65.488273,-6.216779,-6.957320,,,,,,0,A
3364.757157,,-6.337356,-65.124710,-6.217356,-6.957320,,,,,,0,A
3365.762107,,-6.331799,-64.937337,-6.211799,-6.957320,,,,,,0,A
3366.767057,,-6.342630,-64.578324,-6.222630,-6.957320,,,,,,0,A
3367.772007,,-6.376478,-64.348307,-6.256478,-6.957320,,,,,,1,A
3368.776956,,-6.440167,-64.043119,-6.320167,-6.957320,,,,,,1,A
3369.781906,,-6.471259,-63.668374,-6.351259,-6.957320,,,,,,1,A
3370.786856,,-6.454845,-63.293629,-6.334845,-6.957320,,,,,,1,A
3371.791806,,-6.396230,-62.955960,-6.276230,-6.957320,,,,,,1,A
3372.796756,,-6.396398,-62.758425,-6.276398,-6.957320,,,,,,1,A
3373.801706,,-6.401980,-62.383680,-6.281980,-6.957320,,,,,,1,A
3374.806656,,-6.428434,-62.008935,-6.308434,-7.042631,,,,,,1,A
3375.811606,,-6.449970,-61.777898,-6.329970,-7.064463,,,,,,1,A
3376.816556,,-6.489327,-61.590526,-6.369327,-7.006066,,,,,,1,A
3377.821506,,-6.504581,-61.403153,-6.384581,-6.957320,,,,,,1,A
3378.826455,,-6.495615,-61.278749,-6.375615,-6.988805,,,,,,1,A
3379.831405,,-6.487318,-61.278749,-6.367318,-7.057252,,,,,,1,A
3380.836355,,-6.458778,-61.287891,-6.338778,-7.019778,,,,,,1,A
3381.841305,,-6.465738,-61.475263,-6.345738,-6.982303,,,,,,1,A
3382.846255,,-6.469881,-61.662636,-6.349881,-6.944829,,,,,,1,A
3383.851205,,-6.479821,-61.707320,-6.359821,-6.907354,,,,,,1,A
3384.856155,,-6.481931,-61.823095,-6.361931,-6.869880,,,,,,1,A
3385.861105,,-6.491708,-62.010468,-6.371708,-6.850178,,,,,,1,A
3386.866055,,-6.486804,-62.197840,-6.366804,-6.912126,,,,,,1,A
3387.871005,,-6.479483,-62.350178,-6.359483,-7.064463,,,,,,1,A
3388.875955,,-6.481734,-62.358299,-6.361734,-7.064463,,,,,,1,A
3389.880904,,-6.477325,-62.545672,-6.357325,-7.064463,,,,,,1,A
3390.885854,,-6.493969,-62.733044,-6.373969,-7.064463,,,,,,1,A
3391.890804,,-6.532097,-62.920417,-6.412097,-7.064463,,,,,,0,A
3392.895754,,-6.549765,-62.993035,-6.429765,-7.007086,,,,,,0,A
3393.900704,,-6.559269,-63.080876,-6.439269,-6.957320,,,,,,0,A
3394.905654,,-6.569990,-63.268249,-6.449990,-6.987785,,,,,,0,A
3395.910604,,-6.572757,-63.455621,-6.452757,-7.064463,,,,,,0,A
3396.915554,,-6.588732,-63.642994,-6.468732,-7.064463,,,,,,0,A
3397.920504,,-6.609421,-63.830366,-6.489421,-7.064463,,,,,,0,A
3398.925454,,-6.610630,-64.017739,-6.490630,-7.064463,,,,,,0,A
3399.930403,,-6.624354,-64.205111,-6.504354,-7.064463,,,,,,0,A
3400.935353,,-6.651836,-64.619953,-6.531836,-7.064463,,,,,,0,A
3401.940303,,-6.684874,-65.182070,-6.564874,-7.107874,,,,,,0,A
3402.945253,,-6.689991,-65.624371,-6.569991,-7.171606,,,,,,0,A
3403.950203,,-6.695925,-65.778749,-6.575925,-7.188104,,,,,,0,A
3404.955153,,-6.667402,-65.772667,-6.547402,-7.278749,,,,,,0,A
3405.960103,,-6.658290,-65.585295,-6.538290,-7.278749,,,,,,0,A
3406.965053,,-6.647044,-65.397923,-6.527044,-7.278749,,,,,,0,A
3407.970003,,-6.656771,-65.070922,-6.536771,-7.278749,,,,,,1,A
3408.974953,,-6.648205,-64.696177,-6.528205,-7.222392,,,,,,1,A
3409.979903,,-6.656039,-64.321432,-6.536039,-7.128706,,,,,,1,A
3410.984852,,-6.681952,-64.005575,-6.561952,-7.035019,,,,,,1,A
3411.989802,,-6.693396,-63.786228,-6.573396,-6.957320,,,,,,1,A
3412.994752,,-6.686132,-63.411483,-6.566132,-6.957320,,,,,,1,A
3413.999702,,-6.663802,-63.036738,-6.543802,-6.957320,,,,,,1,A
3415.004652,,-6.638625,-62.661993,-6.518625,-6.957320,,,,,,1,A
3416.009602,,-6.656051,-62.425856,-6.536051,-6.957320,,,,,,1,A
3417.014552,,-6.694606,-62.238483,-6.574606,-6.957320,,,,,,1,A
3418.019502,,-6.715682,-61.966330,-6.595682,-6.957320,,,,,,1,A
3419.024452,,-6.732385,-61.649453,-6.612385,-6.957320,,,,,,1,A
3420.029402,,-6.737040,-61.462080,-6.617040,-6.941843,,,,,,1,A
3421.034352,,-6.746714,-61.278749,-6.626714,-6.850178,,,,,,0,A
3422.039301,,-6.753485,-61.278749,-6.633485,-6.850178,,,,,,0,A
3423.044251,,-6.752541,-61.443250,-6.632541,-6.850178,,,,,,0,A
3424.049201,,-6.776320,-61.768210,-6.656320,-6.850178,,,,,,0,A
3425.054151,,-6.802495,-62.142955,-6.682495,-6.850178,,,,,,0,A
3426.059101,,-6.844137,-62.350178,-6.724137,-6.975819,,,,,,0,A
3427.064051,,-6.861412,-62.463873,-6.741412,-7.171606,,,,,,0,A
3428.069001,,-6.856406,-62.808684,-6.736406,-7.186573,,,,,,0,A
3429.073951,,-6.857008,-62.996056,-6.737008,-7.281770,,,,,,0,A
3430.078901,,-6.864394,-63.183429,-6.744394,-7.469143,,,,,,0,A
3431.083851,,-6.875841,-63.534282,-6.755841,-7.493035,,,,,,1,A
3432.088800,,-6.886655,-63.635892,-6.766655,-7.493035,,,,,,1,A
3433.093750,,-6.924723,-63.745546,-6.804723,-7.493035,,,,,,1,A
3434.098700,,-6.938244,-63.850178,-6.818244,-7.493035,,,,,,1,A
3435.103650,,-6.946574,-63.850178,-6.826574,-7.465121,,,,,,1,A
3436.108600,,-6.943431,-63.821263,-6.823431,-7.385892,,,,,,1,A
3437.113550,,-6.927964,-63.633891,-6.807964,-7.386892,,,,,,1,A
3438.118500,,-6.933012,-63.446518,-6.813012,-7.480579,,,,,,1,A
3439.123450,,-6.950993,-63.096685,-6.830993,-7.493035,,,,,,1,A
3440.128400,,-6.970390,-62.857488,-6.850390,-7.493035,,,,,,1,A
3441.133350,,-6.987226,-62.670115,-6.867226,-7.493035,,,,,,1,A
3442.138300,,-6.989204,-62.401022,-6.869204,-7.493035,,,,,,1,A
3443.143249,,-6.999769,-62.026277,-6.879769,-7.465631,,,,,,1,A
3444.148199,,-7.024688,-61.679426,-6.904688,-7.413786,,,,,,1,A
3445.153149,,-7.030295,-61.491073,-6.910295,-7.600178,,,,,,1,A
3446.158099,,-7.014566,-61.116328,-6.894566,-7.600178,,,,,,1,A
3447.163049,,-7.005231,-60.903023,-6.885231,-7.600178,,,,,,1,A
3448.167999,,-6.991504,-60.850178,-6.871504,-7.600178,,,,,,1,A
3449.172949,,-6.996116,-60.850178,-6.876116,-7.600178,,,,,,1,A
3450.177899,,-7.019785,-60.850178,-6.899785,-7.600178,,,,,,1,A
3451.182849,,-7.032466,-60.903965,-6.912466,-7.600178,,,,,,1,A
3452.187799,,-7.069957,-61.064463,-6.949957,-7.600178,,,,,,0,A
3453.192748,,-7.051067,-61.064463,-6.931067,-7.600178,,,,,,0,A
3454.197698,,-7.043290,-61.251797,-6.923290,-7.600178,,,,,,0,A
3455.202648,,-7.036299,-61.439169,-6.916299,-7.600178,,,,,,0,A
3456.207598,,-7.020259,-61.626542,-6.900259,-7.666931,,,,,,0,A
3457.212548,,-7.023468,-61.813914,-6.903468,-7.707320,,,,,,0,A
3458.217498,,-7.056438,-61.921606,-6.936438,-7.707320,,,,,,0,A
3459.222448,,-7.098718,-61.974374,-6.978718,-7.680937,,,,,,0,A
3460.227398,,-7.143625,-62.161746,-7.023625,-7.600178,,,,,,0,A
3461.232348,,-7.151225,-62.349119,-7.031225,-7.600178,,,,,,0,A
3462.237298,,-7.141371,-62.536491,-7.021371,-7.693334,,,,,,0,A
3463.242248,,-7.140536,-62.723863,-7.020536,-7.707320,,,,,,0,A
3464.247197,,-7.160134,-62.911236,-7.040134,-7.707320,,,,,,0,A
3465.252147,,-7.182437,-63.098608,-7.062437,-7.707320,,,,,,0,A
3466.257097,,-7.198986,-63.285981,-7.078986,-7.707320,,,,,,0,A
3467.262047,,-7.218198,-63.525101,-7.098198,-7.629700,,,,,,0,A
3468.266997,,-7.241156,-63.924680,-7.121156,-7.385892,,,,,,0,A
3469.271947,,-7.227623,-64.486797,-7.107623,-7.385892,,,,,,1,A
3470.276897,,-7.226258,-64.863621,-7.106258,-7.663832,,,,,,1,A
3471.281847,,-7.227309,-64.921606,-7.107309,-7.707320,,,,,,1,A
3472.286797,,-7.228484,-64.921606,-7.108484,-7.707320,,,,,,1,A
3473.291747,,-7.239068,-64.712499,-7.119068,-7.707320,,,,,,1,A
3474.296696,,-7.242244,-64.415394,-7.122244,-7.707320,,,,,,1,A
3475.301646,,-7.246663,-64.177295,-7.126663,-7.681957,,,,,,1,A
3476.306596,,-7.245328,-63.826364,-7.125328,-7.600178,,,,,,1,A
3477.311546,,-7.289924,-63.638991,-7.169924,-7.600178,,,,,,1,A
3478.316496,,-7.278193,-63.267346,-7.158193,-7.692314,,,,,,1,A
3479.321446,,-7.271303,-62.892601,-7.151303,-7.786000,,,,,,1,A
3480.326396,,-7.276450,-62.648302,-7.156450,-7.879687,,,,,,1,A
3481.331346,,-7.282502,-62.357396,-7.162502,-7.921606,,,,,,1,A
3482.336296,,-7.302495,-62.059272,-7.182495,-7.921606,,,,,,1,A
3483.341246,,-7.315848,-61.822192,-7.195848,-7.921606,,,,,,1,A
3484.346196,,-7.325095,-61.470241,-7.205095,-7.910209,,,,,,1,A
3485.351145,,-7.332835,-61.282868,-7.212835,-7.816523,,,,,,1,A
3486.356095,,-7.342518,-61.095496,-7.222518,-7.814463,,,,,,0,A
3487.361045,,-7.347003,-60.751784,-7.227003,-7.892633,,,,,,0,A
3488.365995,,-7.344499,-60.506465,-7.224499,-7.921606,,,,,,0,A
3489.370945,,-7.334948,-60.421606,-7.214948,-7.921606,,,,,,0,A
3490.375895,,-7.343340,-60.497206,-7.223340,-7.921606,,,,,,0,A
3491.380845,,-7.361286,-60.635892,-7.241286,-7.921606,,,,,,0,A
3492.385795,,-7.382591,-60.657666,-7.262591,-7.910719,,,,,,0,A
3493.390745,,-7.406826,-60.845038,-7.286826,-7.817033,,,,,,0,A
3494.395695,,-7.419505,-61.214644,-7.299505,-7.814463,,,,,,0,A
3495.400644,,-7.416854,-61.434069,-7.296854,-7.892123,,,,,,0,A
3496.405594,,-7.423917,-61.621441,-7.303917,-7.921606,,,,,,0,A
3497.410544,,-7.416527,-61.910307,-7.296527,-7.921606,,,,,,1,A
3498.415494,,-7.440716,-62.210472,-7.320716,-7.921606,,,,,,1,A
3499.420444,,-7.448400,-62.397844,-7.328400,-7.921606,,,,,,1,A
3500.425394,,-7.467995,-62.585217,-7.347995,-7.911229,,,,,,1,A
3501.430344,,-7.494959,-62.772589,-7.374959,-7.817543,,,,,,1,A
3502.435294,,-7.512700,-62.959962,-7.392700,-7.814463,,,,,,1,A
3503.440244,,-7.505010,-63.147334,-7.385010,-7.891613,,,,,,1,A
3504.445194,,-7.477700,-63.334707,-7.357700,-7.921606,,,,,,1,A
3505.450144,,-7.461782,-63.522079,-7.341782,-7.921606,,,,,,1,A
3506.455093,,-7.473596,-63.562332,-7.353596,-7.921606,,,,,,1,A
3507.460043,,-7.494187,-63.374959,-7.374187,-7.921606,,,,,,1,A
3508.464993,,-7.506468,-63.187587,-7.386468,-7.911739,,,,,,1,A
3509.469943,,-7.509941,-63.000214,-7.389941,-7.818053,,,,,,1,A
3510.474893,,-7.511352,-62.812842,-7.391352,-7.814463,,,,,,1,A
3511.479843,,-7.508322,-62.472190,-7.388322,-7.891103,,,,,,1,A
3512.484793,,-7.501629,-62.223811,-7.381629,-7.984789,,,,,,1,A
3513.489743,,-7.491477,-61.936986,-7.371477,-8.078476,,,,,,1,A
3514.494693,,-7.522874,-61.634781,-7.402874,-8.135892,,,,,,1,A
3515.499643,,-7.541614,-61.401781,-7.421614,-8.135892,,,,,,1,A
3516.504593,,-7.555080,-61.045750,-7.435080,-8.126535,,,,,,1,A
3517.509542,,-7.573332,-60.858377,-7.453332,-8.032849,,,,,,0,A
3518.514492,,-7.577662,-60.671005,-7.457662,-8.028749,,,,,,0,A
3519.519442,,-7.579637,-60.483632,-7.459637,-8.104879,,,,,,0,A
3520.524392,,-7.586103,-60.421606,-7.466103,-8.135892,,,,,,0,A
3521.529342,,-7.595156,-60.421606,-7.475156,-8.135892,,,,,,0,A
3522.534292,,-7.581983,-60.421606,-7.461983,-8.135892,,,,,,0,A
3523.539242,,-7.600322,-60.466213,-7.480322,-8.135892,,,,,,0,A
3524.544192,,-7.624048,-60.635892,-7.504048,-8.135892,,,,,,0,A
3525.549142,,-7.650454,-60.635892,-7.530454,-8.135892,,,,,,0,A
3526.554092,,-7.671277,-60.814044,-7.551277,-8.046816,,,,,,0,A
3527.559041,,-7.675530,-61.001417,-7.555530,-8.028749,,,,,,0,A
3528.563991,,-7.670676,-61.188789,-7.550676,-8.090912,,,,,,0,A
3529.568941,,-7.670339,-61.376162,-7.550339,-8.135892,,,,,,0,A
3530.573891,,-7.677517,-61.563534,-7.557517,-8.135892,,,,,,1,A
3531.578841,,-7.689481,-61.750907,-7.569481,-8.135892,,,,,,1,A
3532.583791,,-7.700278,-61.938279,-7.580278,-8.131724,,,,,,1,A
3533.588741,,-7.711065,-62.125652,-7.591065,-8.084880,,,,,,1,A
3534.593691,,-7.722779,-62.313024,-7.602779,-8.038037,,,,,,1,A
3535.598641,,-7.735054,-62.500397,-7.615054,-8.028749,,,,,,1,A
3536.603591,,-7.748395,-62.687769,-7.628395,-8.028749,,,,,,1,A
3537.608541,,-7.750208,-62.875142,-7.630208,-8.028749,,,,,,1,A
3538.613490,,-7.741031,-63.062514,-7.621031,-8.028749,,,,,,0,A
3539.618440,,-7.741864,-63.249887,-7.621864,-8.028749,,,,,,0,A
3540.623390,,-7.753048,-63.421606,-7.633048,-8.028749,,,,,,0,A
3541.628340,,-7.760604,-63.421606,-7.640604,-8.028749,,,,,,0,A
3542.633290,,-7.782585,-63.421606,-7.662585,-8.028749,,,,,,0,A
3543.638240,,-7.775673,-63.123208,-7.655673,-8.028749,,,,,,0,A
3544.643190,,-7.783310,-62.870749,-7.663310,-8.212178,,,,,,0,A
3545.648140,,-7.780281,-62.588004,-7.660281,-8.350178,,,,,,0,A
3546.653090,,-7.767683,-62.281718,-7.647683,-8.350178,,,,,,0,A
3547.658040,,-7.766226,-62.094346,-7.646226,-8.350178,,,,,,0,A
3548.662989,,-7.794770,-61.892340,-7.674770,-8.350178,,,,,,0,A
3549.667939,,-7.836255,-61.517595,-7.716255,-8.350178,,,,,,0,A
3550.672889,,-7.873532,-61.317942,-7.753532,-8.262631,,,,,,0,A
3551.677839,,-7.883999,-60.982391,-7.763999,-8.243035,,,,,,1,A
3552.682789,,-7.888383,-60.728912,-7.768383,-8.303668,,,,,,1,A
3553.687739,,-7.887735,-60.541539,-7.767735,-8.350178,,,,,,1,A
3554.692689,,-7.892778,-60.354167,-7.772778,-8.350178,,,,,,1,A
3555.697639,,-7.899456,-60.207320,-7.779456,-8.350178,,,,,,1,A
3556.702589,,-7.922841,-60.207320,-7.802841,-8.350178,,,,,,1,A
3557.707539,,-7.944448,-60.207320,-7.824448,-8.350178,,,,,,1,A
3558.712489,,-7.966565,-60.555465,-7.846565,-8.263142,,,,,,1,A
3559.717438,,-7.920139,-61.077369,-7.800139,-8.243035,,,,,,1,A
3560.722388,,-7.916010,-61.759732,-7.796010,-8.243035,,,,,,1,A
3561.727338,,-7.927662,-62.602554,-7.807662,-8.243035,,,,,,1,A
3562.732288,,-7.929717,-63.340159,-7.809717,-8.243035,,,,,,1,A
3563.737238,,-7.935814,-63.714904,-7.815814,-8.243035,,,,,,1,A
3564.742188,,-7.945108,-64.051871,-7.825108,-8.243035,,,,,,1,A
3565.747138,,-7.943240,-63.864498,-7.823240,-8.243035,,,,,,1,A
3566.752088,,-7.953490,-63.850178,-7.833490,-8.243035,,,,,,1,A
3567.757038,,-7.974680,-63.704039,-7.854680,-8.243035,,,,,,1,A
3568.761988,,-7.985454,-63.397441,-7.865454,-8.243035,,,,,,1,A
3569.766937,,-7.986421,-63.022696,-7.866421,-8.243035,,,,,,1,A
3570.771887,,-7.995611,-62.713350,-7.875611,-8.243035,,,,,,1,A
3571.776837,,-7.999487,-62.487491,-7.879487,-8.243035,,,,,,0,A
3572.781787,,-8.012072,-62.124319,-7.892072,-8.243035,,,,,,0,A
3573.786737,,-8.020732,-61.936947,-7.900732,-8.243035,,,,,,0,A
3574.791687,,-8.027243,-61.577542,-7.907243,-8.243035,,,,,,0,A
3575.796637,,-8.029395,-61.347916,-7.909395,-8.243035,,,,,,0,A
3576.801587,,-8.033537,-61.042338,-7.913537,-8.243035,,,,,,0,A
3577.806537,,-8.042037,-60.758885,-7.922037,-8.288681,,,,,,0,A
3578.811487,,-8.063859,-60.571513,-7.943859,-8.414557,,,,,,0,A
3579.816437,,-8.064651,-60.384140,-7.944651,-8.564463,,,,,,0,A
3580.821386,,-8.062311,-60.207320,-7.942311,-8.564463,,,,,,0,A
3581.826336,,-8.045531,-60.207320,-7.925531,-8.564463,,,,,,1,A
3582.831286,,-8.055300,-60.207320,-7.935300,-8.564463,,,,,,1,A
3583.836236,,-8.070071,-60.351419,-7.950071,-8.492414,,,,,,1,A
3584.841186,,-8.090259,-60.421606,-7.970259,-8.457320,,,,,,1,A
3585.846136,,-8.107025,-60.511878,-7.987025,-8.502457,,,,,,1,A
3586.851086,,-8.112071,-60.699251,-7.992071,-8.564463,,,,,,1,A
3587.856036,,-8.104927,-60.886623,-7.984927,-8.564463,,,,,,1,A
3588.860986,,-8.105663,-61.073996,-7.985663,-8.564463,,,,,,1,A
3589.865936,,-8.114555,-61.261368,-7.994555,-8.564463,,,,,,1,A
3590.870885,,-8.140551,-61.448741,-8.020551,-8.521965,,,,,,1,A
3591.875835,,-8.165133,-61.636113,-8.045133,-8.475122,,,,,,1,A
3592.880785,,-8.184393,-61.823486,-8.064393,-8.457320,,,,,,1,A
3593.885735,,-8.194353,-62.010858,-8.074353,-8.501947,,,,,,1,A
3594.890685,,-8.181581,-62.135892,-8.061581,-8.564463,,,,,,1,A
3595.895635,,-8.167474,-62.171318,-8.047474,-8.564463,,,,,,1,A
3596.900585,,-8.150558,-62.358690,-8.030558,-8.564463,,,,,,1,A
3597.905535,,-8.152979,-62.546063,-8.032979,-8.564463,,,,,,1,A
3598.910485,,-8.161548,-62.733435,-8.041548,-8.564463,,,,,,1,A
3599.915435,,-8.160887,-62.778749,-8.040887,-8.493434,,,,,,1,A
3600.920385,,-8.161281,-62.778749,-8.041281,-8.457320,,,,,,1,A
3601.925334,,-8.170855,-62.690517,-8.050855,-8.449968,,,,,,0,A
3602.930284,,-8.161472,-62.503145,-8.041472,-8.434353,,,,,,0,A
3603.935234,,-8.131311,-62.315772,-8.011311,-8.418739,,,,,,0,A
3604.940184,,-8.229548,-62.120907,-8.109548,-8.403125,,,,,,0,A
3605.945134,,-8.236332,-61.746162,-8.116332,-8.387510,,,,,,0,A
3606.950084,,-8.235250,-61.539369,-8.115250,-8.371896,,,,,,0,A
3607.955034,,-8.242923,-61.210958,-8.122923,-8.356282,,,,,,0,A
3608.959984,,-8.250377,-60.950338,-8.130377,-8.407240,,,,,,0,A
3609.964934,,-8.267206,-60.762966,-8.147206,-8.457320,,,,,,0,A
3610.969884,,-8.291005,-60.515295,-8.171005,-8.427171,,,,,,0,A
3611.974834,,-8.309908,-60.173935,-8.189908,-8.350178,,,,,,0,A
3612.979783,,-8.309694,-59.993035,-8.189694,-8.350178,,,,,,0,A
3613.984733,,-8.309601,-59.993035,-8.189601,-8.350178,,,,,,1,A
3614.989683,,-8.304299,-59.993035,-8.184299,-8.350178,,,,,,1,A
3615.994633,,-8.291977,-59.993035,-8.171977,-8.350178,,,,,,1,A
3616.999583,,-8.286799,-60.106140,-8.166799,-8.406730,,,,,,1,A
3618.004533,,-8.297727,-60.207320,-8.177727,-8.457320,,,,,,0,A
3619.009483,,-8.307886,-60.266599,-8.187886,-8.427681,,,,,,0,A
3620.014433,,-8.317221,-60.453972,-8.197221,-8.350178,,,,,,0,A
3621.019383,,-8.321292,-60.641344,-8.201292,-8.350178,,,,,,0,A
3622.024333,,-8.327368,-60.828717,-8.207368,-8.350178,,,,,,0,A
3623.029282,,-8.353814,-61.016089,-8.233814,-8.350178,,,,,,0,A
3624.034232,,-8.360598,-61.203461,-8.240598,-8.419677,,,,,,0,A
3625.039182,,-8.366843,-61.390834,-8.246843,-8.513363,,,,,,0,A
3626.044132,,-8.361742,-61.578206,-8.241742,-8.521877,,,,,,0,A
3627.049082,,-8.368936,-61.765579,-8.248936,-8.467030,,,,,,0,A
3628.054032,,-8.382803,-61.952951,-8.262803,-8.498259,,,,,,0,A
3629.058982,,-8.395112,-62.140324,-8.275112,-8.529488,,,,,,0,A
3630.063932,,-8.398296,-62.327696,-8.278296,-8.560716,,,,,,0,A
3631.068882,,-8.402245,-62.515069,-8.282245,-8.591945,,,,,,0,A
3632.073832,,-8.420473,-62.702441,-8.300473,-8.623174,,,,,,0,A
3633.078782,,-8.435844,-62.778749,-8.315844,-8.654403,,,,,,0,A
3634.083731,,-8.443368,-62.778749,-8.323368,-8.671606,,,,,,0,A
3635.088681,,-8.422964,-62.721511,-8.302964,-8.714535,,,,,,0,A
3636.093631,,-8.415756,-62.503813,-8.295756,-8.855064,,,,,,0,A
3637.098581,,-8.418244,-62.132480,-8.298244,-8.993035,,,,,,0,A
3638.103531,,-8.416752,-61.945107,-8.296752,-8.993035,,,,,,0,A
3639.108481,,-8.419400,-61.593864,-8.299400,-8.993035,,,,,,0,A
3640.113431,,-8.425670,-61.356077,-8.305670,-8.993035,,,,,,0,A
3641.118381,,-8.435001,-61.168704,-8.315001,-8.938012,,,,,,0,A
3642.123331,,-8.438475,-60.981332,-8.318475,-8.885892,,,,,,0,A
3643.128281,,-8.441374,-60.737741,-8.321374,-8.914001,,,,,,0,A
3644.133230,,-8.444737,-60.392301,-8.324737,-8.993035,,,,,,0,A
3645.138180,,-8.458557,-60.204929,-8.338557,-8.993035,,,,,,0,A
3646.143130,,-8.484949,-60.017556,-8.364949,-8.993035,,,,,,0,A
3647.148080,,-8.514334,-59.830184,-8.394334,-8.667333,,,,,,0,A
3648.153030,,-8.575483,-59.778749,-8.455483,-8.564463,,,,,,0,A
3649.157980,,-8.679578,-59.778749,-8.559578,-8.673488,,,,,,0,A
